Round,,Object 0,,,Object 4,,,Object 8,,,Object 12,,,Object 16,,,Object 20,,,Object 24,,,Object 28,,,Object 32,,,Object 36,,,Object 40,,,Object 44,,,Object 48,,,Object 52,,,Object 56,,,Object 60,,,Object 64,,,Object 68,,,Object 72,,,Object 76,,,Object 80,,,Object 84,,,Object 88,,,Object 92,,,Object 96,,,
,,x,y,,x,y,,x,y,,x,y,,x,y,,x,y,,x,y,,x,y,,x,y,,x,y,,x,y,,x,y,,x,y,,x,y,,x,y,,x,y,,x,y,,x,y,,x,y,,x,y,,x,y,,x,y,,x,y,,x,y,,x,y,,
0,,647,107,,714.01,207,,543.99,690,,148.97,319,,283.13,773.85,,756.12,148.83,,302.15,167.77,,854.16,574.78,,309.23,193.72,,770.25,845.69,,618.21,325.69,,134.21,952.72,,34.19,234.72,,870.2,41.7,,932.23,468.74,,208.21,346.77,,316.21,371.79,,596.2,356.77,,927.25,663.78,,891.28,24.76,,365.16,914.85,,984.2,890.86,,883.19,437.93,,741.22,822.93,,868.07,989.69,,
1,,652,103,,713.01,198,,542.96,681.99,,162.92,308,,283.35,784.66,,750.31,154.61,,302.4,156.45,,842.42,563.47,,306.64,187.3,,760.68,839.22,,629.55,314.25,,139.55,962.32,,29.49,238.33,,867.52,39.25,,925.62,454.37,,199.57,345.46,,310.56,383.49,,591.54,359.44,,937.64,674.46,,877.73,28.4,,364.47,903.66,,995.56,896.69,,879.51,429.92,,731.59,817.92,,854.79,1001.74,,
2,,657,99,,712.01,189,,541.93,673.98,,176.84,297,,283.63,795.48,,744.55,160.37,,302.7,145.08,,830.74,552.12,,304.19,180.78,,751.27,832.64,,640.99,302.72,,144.98,971.85,,24.88,241.86,,864.93,36.72,,919.13,439.97,,191.04,344.11,,305.02,395.15,,586.98,362.07,,948.17,685.06,,864.33,31.94,,363.88,892.47,,1007.05,902.53,,875.9,422.05,,722.06,813.06,,841.74,989.66,,
3,,662,95,,711.01,180,,540.89,665.96,,190.72,286.01,,283.93,806.32,,738.8,166.14,,303.03,133.68,,819.09,540.76,,301.85,174.14,,741.99,825.93,,652.47,291.15,,150.44,981.36,,20.28,245.38,,1729.33,68.57,,912.73,425.59,,182.58,342.79,,299.55,406.85,,582.5,364.72,,958.81,695.56,,1729.48,68.48,,363.41,881.27,,995.56,908.35,,872.3,414.41,,712.54,808.43,,828.65,977.96,,
4,,1322.85,185.27,,710.02,171,,539.84,657.94,,204.57,275.03,,284.24,817.21,,733.02,171.93,,303.34,122.27,,807.43,529.39,,299.61,167.4,,732.8,819.11,,663.97,279.68,,155.94,990.99,,15.69,249.01,,-0.15,137.13,,906.43,411.41,,174.23,341.67,,294.17,418.73,,578.11,367.54,,969.83,706.1,,-0,137.04,,363.29,870.22,,984.44,914.35,,868.76,407.45,,703.12,804.51,,815.58,967.04,,
5,,1.33,370.78,,709.02,161.99,,538.79,649.91,,218.37,264.11,,284.52,828.16,,727.18,177.76,,303.6,110.87,,795.72,518.05,,297.41,160.57,,723.66,812.18,,675.62,268.23,,161.57,1000.64,,11.24,252.66,,-0.19,274.22,,900.36,397.33,,166.09,340.64,,289,430.7,,573.95,370.42,,981.16,716.81,,0.03,274.31,,363.41,859.43,,973.59,920.6,,864.68,402.19,,693.18,802.32,,801.99,957.9,,
6,,0.14,741.5,,708.02,152.99,,537.73,641.87,,232.12,253.3,,284.78,839.24,,721.26,183.67,,303.79,99.54,,783.93,506.78,,295.23,153.69,,714.54,805.21,,687.3,256.74,,167.23,991.01,,6.79,256.28,,-0.12,548.47,,894.46,383.22,,158.11,339.59,,284,442.64,,569.96,373.26,,992.67,727.49,,0.14,548.54,,363.69,848.74,,962.93,926.94,,859.99,399.74,,682.67,802.98,,787.87,951.66,,
7,,-0.09,1482.93,,707.03,143.98,,536.68,633.84,,245.89,242.66,,285.08,850.51,,715.29,189.7,,303.93,88.3,,772.1,495.63,,293.08,146.78,,705.47,798.21,,698.98,245.25,,172.88,981.4,,2.34,259.92,,-0.01,1097.03,,888.71,369.18,,150.27,338.6,,279.15,454.59,,566.15,376.09,,1004.38,738.18,,0.26,1097.05,,364.12,838.2,,952.45,933.44,,855.75,397.89,,672.65,804.28,,774.28,946.15,,
8,,0.35,0.01,,706.03,134.98,,535.62,625.8,,259.76,232.08,,285.48,861.86,,709.16,195.67,,303.92,76.98,,760.14,484.43,,290.88,139.7,,696.34,791.04,,710.49,233.7,,178.37,971.74,,-2.3,263.5,,0.06,-0.01,,882.93,355.07,,142.4,337.55,,274.47,466.38,,562.51,378.71,,992.67,748.67,,0.54,0.09,,364.76,827.57,,942.21,939.84,,851.88,396.24,,663.05,805.84,,761.14,940.9,,
9,,0.89,0.09,,705.04,125.97,,534.56,617.75,,273.67,221.52,,285.94,873.24,,702.08,201.44,,302.96,65.44,,747.22,473.1,,287.8,132.33,,686.36,783.59,,720.96,222.39,,182.82,962.34,,2.65,267.34,,2902.65,-284.09,,3779.39,56.78,,3036.75,52.31,,3172.01,194.38,,3461.13,97.5,,3883.23,475.34,,3197.73,-253.86,,3562.45,563.18,,4129.03,692.44,,4045.19,141,,3850.68,553.88,,3945.27,682.1,,
10,,1.43,0.18,,704.05,116.97,,533.49,609.71,,287.6,210.95,,286.44,884.62,,693.26,209.2,,300.27,55.87,,732.36,464.3,,282.81,127.38,,674.48,778.57,,730.13,213.92,,185.96,955.8,,6.27,274.04,,967.97,-95.71,,1850.91,-143.83,,1110.38,-135.25,,1242.47,19.93,,1530.52,-86.14,,1960.69,299.58,,1066.81,-85.54,,1431.04,386.32,,2008.5,532.58,,1918.21,-26.87,,1729.41,389.28,,1827.52,510.66,,
11,,1.96,0.26,,703.05,107.96,,532.43,601.66,,301.56,200.39,,286.96,896.02,,685.08,216.83,,298.22,46.15,,717.9,455.02,,278.26,121.78,,663.07,772.91,,739.86,204.73,,189.65,948.56,,10.44,280.01,,-966.15,91.94,,-77.01,57.68,,-815.44,53.21,,-686.52,-155.26,,-399.52,98.4,,38.72,123.08,,-1063.52,82.03,,-699.79,208.7,,-111.45,371.96,,-208.17,141.9,,-391.27,223.91,,-289.64,338.47,,
12,,2.5,0.34,,702.06,98.95,,531.36,593.61,,315.52,189.82,,287.49,907.42,,676.96,224.47,,296.22,36.43,,703.55,445.74,,273.85,116.02,,651.82,767.1,,749.78,195.36,,193.53,941.17,,14.79,285.82,,967.91,279.42,,1850.85,259.02,,1110.32,241.5,,1242.41,20.04,,1530.47,282.76,,-1883.12,-53.62,,1066.78,249.4,,1431.01,30.88,,2008.48,211.15,,1918.2,310.46,,1729.4,58.33,,1827.52,166.05,,
13,,3.03,0.43,,701.07,89.95,,530.29,585.55,,329.49,179.25,,288.04,918.83,,668.85,232.13,,294.25,26.71,,689.21,436.46,,269.44,110.12,,640.65,761.16,,759.8,185.84,,197.52,933.66,,19.24,291.47,,2902.11,466.74,,-77.03,460.2,,-815.46,429.62,,-686.54,195.17,,-399.55,466.95,,38.69,123.11,,-1063.56,416.6,,-699.83,-147.11,,-111.51,50.15,,-208.23,478.84,,-391.34,-107.42,,-289.72,-6.54,,
14,,3.57,0.51,,700.08,80.94,,529.22,577.5,,343.46,168.68,,288.6,930.25,,660.75,239.81,,292.28,17,,674.87,427.19,,265.04,104.07,,629.57,755.06,,769.94,176.16,,201.63,926.02,,23.83,296.92,,967.91,653.86,,1850.87,661.18,,1110.34,617.55,,1242.44,370.11,,1530.5,650.95,,1960.55,299.62,,1066.82,583.59,,1431.05,30.91,,2008.53,-111.06,,1918.27,647,,1729.47,58.36,,1827.59,166.08,,
15,,4.1,0.59,,699.09,71.93,,528.16,569.45,,357.44,158.1,,289.17,941.67,,652.65,247.5,,290.32,7.28,,660.54,417.91,,260.62,97.89,,618.61,748.77,,780.2,166.26,,205.88,918.22,,28.8,302.06,,-965.9,840.68,,-77.12,861.86,,-815.57,805.18,,-686.65,544.74,,-399.66,834.64,,38.57,475.85,,-1063.7,750.28,,-699.97,208.63,,-111.66,50.18,,-208.39,814.87,,-391.5,223.85,,-289.88,338.41,,
16,,4.64,0.67,,698.1,62.92,,527.09,561.39,,371.42,147.52,,289.74,953.1,,644.56,255.2,,288.36,-2.45,,646.2,408.63,,256.18,91.59,,607.69,742.24,,790.53,156.11,,210.24,910.19,,33.97,307.14,,967.95,1027.42,,1850.92,1062.49,,1110.4,992.76,,1242.5,719.33,,1530.57,1018.29,,-1883.31,652.04,,1066.9,916.95,,1431.14,386.32,,2008.63,211.39,,1918.37,982.71,,1729.58,389.3,,1827.71,510.7,,
17,,5.18,0.76,,697.11,53.92,,526.01,553.33,,385.4,136.94,,290.32,964.53,,636.46,262.9,,286.4,7.28,,631.85,399.34,,251.73,85.18,,596.75,735.51,,800.85,145.76,,214.63,901.99,,39.13,312.05,,2901.81,840.68,,-77.06,861.87,,-815.51,1180.2,,-686.6,893.77,,-399.62,834.65,,38.61,828.09,,-1063.67,1083.48,,-699.94,563.87,,-111.64,372.46,,-208.38,1150.42,,-391.5,554.63,,-289.89,682.86,,
18,,5.71,0.84,,696.12,44.91,,524.94,545.28,,399.38,126.36,,290.89,975.96,,628.36,270.61,,284.43,16.99,,617.5,390.03,,247.25,78.66,,585.78,728.64,,811.15,135.24,,219.02,893.63,,44.3,316.81,,967.98,653.78,,1850.96,661.12,,1110.44,992.76,,1242.55,1068.09,,1530.62,650.88,,1960.54,1004.12,,1066.94,916.91,,1431.18,741.41,,2008.68,533.51,,1918.43,982.67,,1729.65,719.94,,1827.78,855.02,,
19,,6.25,0.92,,695.13,35.9,,523.87,537.22,,413.36,115.78,,291.48,987.39,,620.26,278.32,,282.47,26.68,,603.14,380.7,,242.76,72.02,,574.79,721.63,,821.44,124.58,,223.42,885.13,,49.46,321.44,,-965.84,466.76,,-77.07,460.23,,-815.53,805.19,,-686.62,893.77,,-399.64,466.98,,38.61,828.13,,-1063.67,750.19,,-699.95,918.8,,-111.66,694.42,,-208.4,814.78,,-391.53,885.1,,-289.93,1027.02,,
20,,6.78,1,,694.14,26.89,,522.8,529.16,,427.34,105.19,,292.06,998.83,,612.14,286.03,,280.49,36.35,,588.77,371.35,,238.26,65.27,,563.79,714.5,,831.72,113.79,,227.82,876.5,,54.62,325.94,,967.99,279.6,,1850.98,259.21,,1110.47,617.49,,1242.58,719.32,,1530.66,282.95,,-1883.35,652.14,,1066.97,583.48,,1431.22,1096.2,,2008.73,855.33,,1918.49,646.91,,1729.71,1050.29,,1827.85,854.97,,
21,,7.32,1.09,,693.15,17.88,,521.72,521.11,,441.31,94.59,,292.63,1010.27,,604.01,293.75,,278.52,45.99,,574.4,361.97,,233.76,58.4,,552.78,707.23,,842,102.85,,232.24,867.74,,59.79,330.31,,2901.85,92.31,,-77.09,58.05,,-815.55,429.65,,-686.65,544.73,,-399.68,98.79,,38.59,475.96,,-1063.7,416.59,,-699.99,918.85,,-111.71,1016.07,,-208.46,478.85,,-391.59,885.16,,-289.99,682.73,,
22,,7.86,1.17,,692.16,8.87,,520.65,513.05,,455.28,84,,293.2,998.83,,595.86,301.46,,276.54,55.57,,560.02,352.54,,229.27,51.39,,541.77,699.82,,852.3,91.76,,236.67,858.83,,64.96,334.54,,968,-95.13,,1850.99,-143.26,,1110.49,241.65,,1242.6,369.98,,1530.69,-85.55,,1960.44,299.61,,1067.02,249.5,,1431.27,741.32,,2008.79,855.35,,1918.56,310.62,,1729.79,719.86,,1827.94,510.33,,
23,,8.39,1.25,,691.18,-0.14,,519.57,504.99,,469.24,73.39,,293.77,987.39,,587.69,309.18,,274.58,65.09,,545.66,343.03,,224.81,44.2,,530.79,692.23,,862.62,80.49,,241.15,849.75,,70.15,338.58,,-965.82,92.32,,-77.11,58.06,,-815.57,53.46,,-686.67,195.05,,-399.71,98.8,,38.55,123.07,,-1063.75,82.23,,-700.04,563.6,,-111.77,694.43,,-208.53,142.2,,-391.67,554.37,,-290.08,337.73,,
24,,8.93,1.33,,690.19,8.87,,518.5,496.94,,483.18,62.77,,294.32,975.93,,579.51,316.88,,272.66,74.49,,531.33,333.41,,220.4,36.76,,519.85,684.4,,873,68.96,,245.67,840.42,,75.4,342.38,,967.99,279.54,,1850.99,259.14,,1110.5,-134.98,,1242.61,19.86,,1530.7,282.88,,-1883.3,-53.8,,1067.02,-85.36,,1431.28,385.56,,2008.82,533.2,,1918.59,-26.55,,1729.83,388.56,,1827.98,164.81,,
25,,9.46,1.42,,689.2,17.88,,517.42,488.88,,497.11,52.12,,294.87,964.46,,571.31,324.57,,270.87,83.57,,517.12,323.47,,216.13,28.89,,509.05,676.13,,883.52,56.99,,250.35,830.66,,80.77,345.74,,2901.96,466.3,,-77.16,459.76,,-815.62,53.53,,-686.73,-155.78,,-399.77,466.52,,38.51,123.12,,-1063.8,82.29,,-700.09,207.08,,-111.83,371.53,,-208.61,142.25,,-391.74,222.31,,-290.17,-8.55,,
26,,10,1.5,,688.22,26.89,,516.34,480.82,,511.05,41.44,,295.43,952.96,,563.11,332.24,,270.25,91.23,,504.1,312.11,,213.04,19.45,,499.43,666.3,,895.24,43.45,,256.22,819.33,,87.33,347.54,,967.64,651.5,,1850.65,658.83,,1110.15,240.48,,1242.28,20.26,,1530.37,648.58,,1961.56,298.51,,1066.66,248.41,,1430.92,27.09,,2008.47,208.34,,1918.25,309.52,,1729.49,54.53,,1827.65,165.2,,
27,,10.53,1.58,,687.23,35.9,,515.26,472.77,,525,30.76,,295.99,941.45,,554.91,339.91,,272.71,100.84,,494.14,302.7,,213.02,11.84,,492.85,658.27,,909.99,31.71,,265.13,809.82,,96.93,351.14,,-963.63,838.52,,-77.91,859.7,,-816.38,429.23,,-687.49,198.1,,-400.53,832.45,,37.78,475.7,,-1064.53,416.32,,-700.83,-151.13,,-112.58,46.93,,-209.36,478.58,,-392.51,-111.47,,-290.94,340.72,,
28,,11.07,1.67,,686.25,44.91,,514.18,464.72,,538.96,20.06,,296.56,929.94,,546.69,347.58,,274.23,110.26,,483.26,293.12,,212.09,3.93,,485.37,649.96,,923.84,19.68,,273.14,800.02,,105.61,354.46,,968.71,1025.24,,1851.73,1060.29,,1111.24,617.71,,1243.37,375.67,,1531.47,1016.05,,-1887.03,652.57,,1067.78,583.92,,1432.04,27.46,,2009.6,-114.81,,1919.39,647.3,,1730.64,54.91,,1828.81,515.91,,
29,,11.61,1.75,,685.27,53.92,,513.1,456.67,,552.92,9.37,,297.14,918.43,,1091.03,696.22,,275.73,119.71,,472.41,283.57,,211.23,-4.09,,477.95,641.54,,937.77,7.54,,281.23,790.12,,114.36,357.67,,2901.14,838.57,,-77.89,859.76,,-816.37,806.07,,-687.48,553.12,,-400.53,832.52,,37.76,829.33,,-1064.55,751.4,,-700.85,205.93,,-112.62,46.99,,-209.4,815.91,,-392.55,221.17,,-290.99,690.99,,
30,,12.14,1.83,,684.28,62.93,,512.02,448.61,,566.88,-1.34,,297.72,906.92,,-0.1,1392.66,,277.25,129.17,,461.58,274.01,,210.41,3.96,,470.59,632.99,,951.75,-4.74,,289.36,780.1,,123.15,360.75,,968.73,651.77,,1851.76,659.09,,1111.28,994.31,,1243.41,730.45,,1531.51,648.88,,1962.54,1006.11,,1067.83,918.9,,1432.1,384.42,,2009.66,208.78,,1919.46,984.53,,1730.71,387.44,,1828.89,866.07,,
31,,12.68,1.91,,683.3,71.93,,510.93,440.56,,580.84,9.36,,298.3,895.41,,-0.01,0.04,,278.76,138.66,,450.75,264.46,,210,11.55,,463.64,623.98,,966.15,7.66,,297.92,769.63,,132.36,363.38,,-963.23,464.51,,-78.02,457.97,,-816.5,1182.1,,-687.62,907.33,,-400.67,464.78,,37.62,829.49,,-1064.71,1085.91,,-701.01,562.42,,-112.78,370.1,,-209.58,1152.67,,-392.74,553.23,,-291.18,1040.68,,
32,,13.21,2,,682.32,80.94,,509.85,432.51,,594.81,20.06,,298.88,883.91,,-0,-0.09,,280.28,148.16,,439.92,254.92,,210.35,19.62,,457.45,615.46,,981.32,20.54,,307.25,759.67,,142.32,366.51,,968.59,277.75,,1851.63,257.35,,1111.15,994.03,,1243.28,1084.72,,1531.39,281.19,,-1886.65,653.5,,1067.73,918.58,,1432,741.05,,2009.58,532.03,,1919.38,984.21,,1730.64,719.65,,1828.82,865.75,,
33,,13.75,2.08,,681.34,89.95,,508.76,424.47,,608.77,30.76,,299.47,872.4,,1.85,0.99,,281.79,157.67,,429.08,245.38,,210.5,27.74,,451.08,606.99,,996.31,33.49,,316.39,749.79,,152.09,369.72,,2900.24,91.07,,-77.78,56.8,,-816.26,806.04,,-687.38,907.38,,-400.44,97.68,,37.84,477.54,,-1064.49,751.3,,-700.8,919.72,,-112.58,694.01,,-209.38,815.8,,-392.55,886.12,,-290.99,690.87,,
34,,14.28,2.16,,680.35,98.96,,507.67,416.42,,622.74,41.45,,300.05,860.9,,3.7,2.07,,283.29,167.18,,418.24,235.85,,210.7,35.92,,444.77,598.6,,1011.36,46.49,,325.61,739.99,,161.93,373.01,,968.6,-95.53,,1851.65,-143.65,,1111.18,618.14,,1243.32,730.14,,1531.43,-85.74,,1961.01,302.9,,1068.21,585.32,,1432.48,1099.7,,2010.07,857.31,,1919.88,648.71,,1731.15,1053.9,,1829.34,517.31,,
35,,14.82,2.24,,679.37,107.97,,506.58,408.37,,636.7,52.14,,300.64,849.4,,5.54,3.15,,284.78,176.71,,407.4,226.32,,210.92,44.13,,438.51,590.23,,996.32,59.52,,334.88,730.26,,171.82,376.37,,-962.99,91.08,,-77.79,56.82,,-816.28,430.29,,-687.4,552.95,,-400.47,97.7,,37.38,127.9,,-1064.96,418.99,,-701.27,920.14,,-113.07,1020.25,,-209.87,481.26,,-393.04,886.54,,-291.5,343.4,,
36,,15.36,2.33,,678.39,116.97,,505.49,400.33,,650.67,62.83,,301.22,837.91,,7.38,4.23,,286.27,186.22,,396.56,216.78,,211.12,52.34,,432.21,581.86,,981.25,72.55,,344.14,720.61,,181.68,379.8,,968.63,277.78,,1851.7,257.37,,1111.23,242.52,,1243.37,375.85,,1531.49,281.21,,-1886.38,-47,,1068.28,252.76,,1432.56,740.68,,2010.16,857.3,,1919.98,313.93,,1731.25,719.31,,1829.45,169.6,,
37,,15.89,2.41,,677.41,125.98,,504.4,392.29,,664.63,73.51,,301.8,826.41,,9.21,5.31,,287.75,195.75,,385.71,207.25,,211.24,60.58,,425.82,573.52,,966.08,85.6,,354.95,712.38,,193.09,384.66,,2901.81,465.9,,-78.32,459.35,,-816.82,56.17,,-687.95,200.16,,-401.02,466.15,,36.82,127.46,,-1065.52,87.94,,-701.83,562.64,,-113.64,695.75,,-210.46,148.01,,-393.63,553.47,,-292.09,-2.79,,
38,,16.43,2.49,,676.43,134.99,,503.31,384.24,,678.6,84.19,,302.38,814.91,,11.03,6.39,,289.21,205.26,,374.86,197.7,,211.29,68.88,,419.33,565.22,,950.82,98.68,,365.2,703.7,,203.93,389.08,,969.17,653.57,,1852.25,660.88,,1111.78,-130.61,,1243.93,24.04,,1532.05,650.65,,1959.37,301.54,,1068.85,-77.26,,1433.14,384.21,,2010.75,533.82,,1920.58,-18.3,,1731.85,387.26,,1830.06,170.05,,
39,,16.96,2.57,,675.45,144,,502.21,376.2,,692.56,94.87,,302.97,803.42,,12.85,7.46,,290.67,214.76,,364,188.12,,211.3,77.25,,412.81,556.96,,935.53,111.81,,375.43,695.07,,214.76,393.54,,-963.49,841.29,,-78.35,862.46,,-816.84,56.17,,-687.98,-152.05,,-401.05,835.19,,36.78,475.63,,-1065.56,87.96,,-701.88,205.8,,-113.7,371.91,,-210.53,148.03,,-393.71,221.05,,-292.17,342.91,,
40,,17.5,2.66,,674.47,153,,501.11,368.16,,706.53,105.53,,303.55,791.92,,14.66,8.53,,292.1,224.22,,353.13,178.51,,211.29,85.64,,406.27,548.72,,920.24,124.95,,385.66,686.47,,225.58,398.03,,969.17,1029.03,,1852.25,1064.07,,1111.79,242.98,,1243.94,24.04,,1532.07,1019.75,,-1885.88,649.79,,1068.88,253.24,,1433.17,27.44,,2010.8,210.05,,1920.63,314.4,,1731.91,54.89,,1830.13,515.8,,
41,,18.03,2.74,,673.5,162.01,,500.02,360.12,,720.5,116.19,,304.13,780.42,,16.46,9.6,,293.47,233.61,,342.21,168.8,,211.24,94.01,,399.69,540.45,,904.9,138.05,,395.79,677.83,,236.31,402.47,,2901.75,841.31,,-78.34,862.49,,-816.84,429.75,,-687.98,200.1,,-401.05,835.21,,36.78,823.9,,-1065.57,418.47,,-701.9,-150.97,,-113.73,48.13,,-210.56,480.72,,-393.75,-111.32,,-292.23,688.65,,
42,,18.57,2.82,,672.52,171.02,,498.92,352.08,,734.47,126.84,,304.72,768.92,,18.26,10.65,,294.56,242.87,,331.02,158.96,,210.93,102.29,,392.87,532.08,,889.33,151.05,,405.66,669,,246.77,406.74,,969.25,653.41,,1852.34,660.73,,1111.88,616.35,,1244.04,375.97,,1532.17,650.49,,1959.06,997.88,,1069,583.57,,1433.29,27.48,,2010.92,-113.93,,1920.77,646.9,,1732.06,54.93,,1830.28,861.35,,
43,,19.11,2.9,,671.54,180.02,,497.81,344.05,,748.45,137.48,,305.31,757.42,,20.16,11.85,,295.57,252.49,,319.76,149.47,,210.56,110.96,,386.01,524.1,,873.72,164.45,,415.53,660.57,,257.23,411.36,,-963.24,465.87,,-78.42,459.32,,-816.93,803.3,,-688.07,552.21,,-401.15,466.13,,36.67,1172.2,,-1065.69,749.02,,-702.02,206.26,,-113.86,47.98,,-210.7,813.43,,-393.89,221.53,,-292.38,1034.39,,
44,,19.64,2.99,,670.56,189.03,,496.71,336.01,,762.43,148.12,,305.92,745.92,,22.02,12.99,,296.6,262.11,,308.52,139.95,,210.23,119.64,,379.2,516.12,,858.17,177.83,,425.46,652.12,,267.81,415.95,,969.19,278.29,,1852.3,257.89,,1111.84,990.23,,1244,728.42,,1532.14,281.75,,-1885.69,997.95,,1068.98,914.45,,1433.27,385.04,,2010.92,209.87,,1920.77,979.94,,1732.07,388.11,,1830.29,861.42,,
45,,20.18,3.07,,669.59,198.04,,495.61,327.97,,776.42,158.75,,306.53,734.43,,23.89,14.13,,297.63,271.73,,297.3,130.43,,209.93,128.32,,372.43,508.15,,842.68,191.22,,435.47,643.67,,278.48,420.56,,2901.72,90.73,,-78.45,56.47,,-816.96,1177.17,,-688.1,904.64,,-401.19,97.39,,36.62,823.71,,-1065.74,1079.91,,-702.07,563.83,,-113.92,371.78,,-210.77,1146.46,,-393.97,554.7,,-292.46,688.46,,
46,,20.71,3.15,,668.61,207.04,,494.5,319.94,,790.42,169.38,,307.15,722.94,,25.76,15.27,,298.66,281.36,,286.07,120.89,,209.64,137.02,,365.71,500.17,,827.24,204.6,,445.53,635.21,,289.2,425.15,,969.2,-96.84,,1852.32,-144.97,,1111.87,990.24,,1244.03,1080.84,,1532.18,-87.01,,1958.94,649.52,,1069.02,914.45,,1433.32,742.67,,2010.97,533.73,,1920.83,979.93,,1732.13,721.36,,1830.37,515.56,,
47,,21.25,3.24,,667.64,216.05,,493.39,311.9,,804.42,180.01,,307.77,711.45,,27.61,16.42,,299.69,291,,274.83,111.35,,209.36,145.72,,359.04,492.17,,811.85,217.95,,455.65,626.72,,299.98,429.7,,-963.26,90.75,,-78.45,56.48,,-816.97,803.28,,-688.12,904.65,,-401.21,97.4,,36.6,475.26,,-1065.76,748.93,,-702.1,921.46,,-113.96,695.62,,-210.82,813.33,,-394.02,887.95,,-292.52,342.6,,
48,,21.78,3.32,,666.66,225.05,,492.28,303.87,,818.43,190.64,,308.4,699.98,,29.47,17.57,,300.71,300.64,,263.59,101.8,,209.07,154.43,,352.43,484.12,,796.54,231.24,,465.85,618.17,,310.82,434.17,,969.2,278.26,,1852.32,257.85,,1111.88,616.23,,1244.04,728.37,,1532.19,281.71,,-1885.72,300.71,,1069.04,583.11,,1433.35,1099.95,,2011.01,857.23,,1920.88,646.45,,1732.19,1054.27,,1830.43,169.36,,
49,,22.32,3.4,,665.69,234.06,,491.17,295.84,,832.44,201.27,,309.03,688.51,,31.32,18.72,,301.72,310.29,,252.34,92.25,,208.78,163.15,,345.86,475.97,,781.28,244.43,,476.12,609.51,,321.73,438.52,,2901.72,465.65,,-78.46,459.1,,-816.98,429.06,,-688.14,551.98,,-401.23,465.91,,36.58,126.11,,-1065.79,417.25,,-702.14,921.4,,-114.01,1018.79,,-210.87,479.53,,-394.08,887.9,,-292.59,-3.93,,
50,,22.86,3.48,,664.71,243.06,,490.05,287.81,,846.45,211.9,,309.66,677.05,,33.15,19.87,,302.73,319.94,,241.09,82.7,,208.49,171.89,,339.27,467.73,,765.99,257.52,,486.38,600.75,,332.61,442.76,,969.23,652.93,,1852.37,660.24,,1111.93,241.78,,1244.1,375.48,,1532.25,650,,1958.71,-48.63,,1069.13,251.24,,1433.44,742.72,,2011.11,857.24,,1920.99,312.47,,1732.3,721.42,,1830.55,169.37,,
51,,23.39,3.57,,663.74,252.07,,488.94,279.78,,860.46,222.53,,310.3,665.6,,34.97,21.02,,303.71,329.59,,229.82,73.16,,208.2,180.64,,332.65,459.47,,750.69,270.58,,496.62,591.96,,343.48,446.93,,-963.27,840.14,,-78.47,861.32,,-817,54.44,,-688.16,198.91,,-401.26,834.02,,36.53,126.09,,-1065.85,85.18,,-702.19,563.98,,-114.07,695.63,,-210.95,145.36,,-394.17,554.87,,-292.68,342.61,,
52,,23.93,3.65,,662.77,261.07,,487.82,271.75,,874.48,233.16,,310.95,654.15,,36.76,22.18,,304.68,339.24,,218.55,63.62,,207.92,189.41,,326.02,451.2,,735.39,283.64,,506.87,583.16,,354.34,451.07,,969.23,1027.32,,1852.38,1062.37,,1111.94,-132.94,,1244.12,22.31,,1532.28,1018.01,,-1885.78,300.75,,1069.18,-80.94,,1433.49,385.18,,2011.18,533.97,,1921.07,-21.82,,1732.38,388.26,,1830.64,515.79,,
53,,24.46,3.73,,661.79,270.07,,486.7,263.72,,888.5,243.79,,311.59,642.71,,38.51,23.33,,305.61,348.89,,207.26,54.09,,207.63,198.18,,319.38,442.93,,720.09,296.7,,517.13,574.35,,365.2,455.16,,2901.75,840.14,,-78.49,861.32,,-817.02,54.44,,-688.18,-154.35,,-401.28,834.02,,36.48,475.37,,-1065.9,85.17,,-702.25,206.34,,-114.14,372.25,,-211.02,145.35,,-394.24,221.6,,-292.77,688.91,,
54,,25,3.81,,660.82,279.08,,485.58,255.69,,902.51,254.42,,312.24,631.28,,40.19,24.45,,306.46,358.5,,195.94,44.54,,207.31,206.95,,312.7,434.63,,704.76,309.73,,527.38,565.51,,376.03,459.16,,969.25,652.87,,1852.4,660.19,,1111.97,241.73,,1244.15,22.32,,1532.31,649.95,,1958.43,650.09,,1069.3,251.4,,1433.61,27.6,,2011.31,210.64,,1921.2,312.62,,1732.52,55.03,,1830.79,862.13,,
55,,25.53,3.9,,659.85,288.08,,484.46,247.67,,916.53,265.05,,312.89,619.86,,41.8,25.48,,307.25,368.02,,184.59,34.94,,207,215.65,,306.04,426.27,,689.45,322.69,,537.64,556.6,,386.86,463,,-963.24,465.45,,-78.51,458.91,,-817.04,428.87,,-688.2,198.81,,-401.31,465.72,,36.37,824.59,,-1066.01,417.4,,-702.37,-151.37,,-114.27,48.81,,-211.16,479.66,,-394.39,-111.76,,-292.92,1035.13,,
56,,26.07,3.98,,658.88,297.09,,483.34,239.65,,930.55,275.68,,313.55,608.45,,43.4,26.33,,308.11,377.42,,173.41,25.24,,206.86,224.24,,299.55,417.81,,674.33,335.54,,548.11,547.59,,397.83,466.6,,969.2,277.78,,1852.36,257.38,,1111.94,615.76,,1244.12,375.08,,1532.29,281.24,,-1885.67,998.83,,1069.3,583.14,,1433.62,27.64,,2011.33,-113.3,,1921.23,646.43,,1732.56,55.08,,1830.83,862.18,,
57,,26.61,4.06,,657.91,306.09,,482.21,231.62,,944.57,286.32,,314.2,597.04,,45.07,27.14,,308.99,386.75,,162.4,15.5,,206.95,232.79,,293.29,409.29,,659.44,348.34,,558.81,538.49,,408.93,469.9,,2901.8,89.81,,-78.54,55.54,,-817.07,802.35,,-688.25,551.02,,-401.36,96.46,,36.3,1172.76,,-1066.09,748.58,,-702.45,206.34,,-114.36,48.83,,-211.26,812.9,,-394.49,221.62,,-293.02,688.92,,
58,,27.14,4.14,,656.94,315.09,,481.08,223.6,,958.59,296.95,,314.85,585.64,,46.75,27.93,,309.9,396.08,,151.62,5.7,,207.32,241.29,,287.32,400.72,,644.85,361.07,,569.81,529.33,,420.14,472.67,,969.21,-98.69,,1852.39,-146.83,,1111.97,988.4,,1244.15,726.44,,1532.33,-88.86,,1958.31,998.91,,1069.35,913.5,,1433.67,384.52,,2011.39,210.43,,1921.3,978.84,,1732.63,387.63,,1830.91,515.14,,
59,,27.68,4.23,,655.97,324.09,,479.95,215.59,,972.61,307.59,,315.51,574.25,,48.44,28.72,,310.82,405.39,,141.01,-4.24,,207.94,249.68,,281.58,392.03,,630.5,373.68,,581.06,520.03,,431.11,474.23,,-963.61,90.06,,-78.44,55.79,,-816.98,1173.24,,-688.15,900.66,,-401.27,96.71,,36.39,823.85,,-1066.01,1077.22,,-702.37,561.51,,-114.29,370.84,,-211.2,1143.59,,-394.44,552.44,,-292.98,340.16,,
60,,28.21,4.31,,655,333.1,,478.81,207.57,,986.62,318.23,,316.16,562.87,,50.14,29.49,,311.74,414.68,,130.46,5.72,,208.63,257.96,,275.93,383.21,,616.23,386.16,,592.4,510.59,,441.26,473.48,,969.45,276.5,,1852.64,256.08,,1112.22,988.86,,1244.41,1072.54,,1532.59,279.94,,-1886.49,646.46,,1069.64,913.96,,1433.97,736.16,,2011.7,528.91,,1921.61,979.3,,1732.95,714.93,,1831.24,162.86,,
61,,28.75,4.39,,654.03,342.1,,477.67,199.56,,1000.64,328.87,,316.81,551.49,,51.84,30.23,,312.66,423.94,,120.14,15.37,,209.57,265.96,,270.54,374.12,,602.23,398.35,,604,500.84,,451.42,471.46,,2902.53,461.66,,-78.66,455.11,,-817.2,803.22,,-688.38,900.45,,-401.5,461.91,,36.14,467.8,,-1066.27,749.45,,-702.63,909.56,,-114.56,685.73,,-211.47,813.76,,-394.72,876.17,,-293.27,-15.7,,
62,,29.29,4.48,,653.06,351.1,,476.53,191.55,,986.62,339.51,,317.46,540.12,,53.53,30.94,,313.59,433.19,,110.46,24.38,,211.14,273.33,,265.74,364.5,,588.84,410,,616.21,490.54,,462.15,468.55,,969.2,645.95,,1852.4,653.25,,1111.98,616.69,,1244.18,727.49,,1532.36,643,,1959.25,288.26,,1069.43,584.04,,1433.76,1082.07,,2011.5,841.66,,1921.42,647.33,,1732.77,1036.52,,1831.06,162.67,,
63,,29.82,4.56,,652.1,360.1,,475.38,183.54,,972.61,350.15,,318.11,528.75,,55.22,31.64,,314.5,442.42,,102.6,31.83,,214.53,279.16,,262.79,353.3,,577.3,420.06,,630.28,478.62,,474.75,463.84,,-962.26,828.42,,-79.18,849.59,,-817.73,428.37,,-688.91,552.72,,-402.04,822.29,,35.58,106.92,,-1066.83,416.85,,-703.2,909.8,,-115.14,995.8,,-212.06,479.11,,-395.31,876.41,,-293.86,339.25,,
64,,30.36,4.64,,651.13,369.1,,474.23,175.54,,958.59,360.8,,318.76,517.39,,56.89,32.32,,315.4,451.63,,96.15,38.45,,219.35,284.16,,261.26,341.27,,567.2,429.27,,645.78,465.82,,488.82,458.13,,969.16,1009.9,,1852.37,1044.93,,1111.95,239.05,,1244.15,376.96,,1532.34,1000.59,,-1886.79,-75.4,,1069.46,248.66,,1433.8,736.55,,2011.54,1148.97,,1921.47,309.92,,1732.82,715.32,,1831.12,514.85,,
65,,30.89,4.72,,650.16,378.1,,473.07,167.54,,944.56,371.46,,319.4,506.03,,58.55,32.98,,316.29,460.82,,89.99,44.9,,224.45,289.01,,260.04,329.08,,557.42,438.29,,661.6,452.82,,503.24,452.11,,2900.93,828.13,,-78.83,849.29,,-817.38,49.42,,-688.57,200.89,,-401.7,822,,35.88,106.63,,-1066.53,80.16,,-702.91,562.98,,-114.86,995.52,,-211.79,140.4,,-395.04,553.91,,-293.6,690.14,,
66,,31.43,4.81,,649.2,387.1,,471.91,159.54,,930.54,382.11,,320.04,494.68,,60.22,33.66,,317.2,470.03,,84.07,51.25,,229.8,293.77,,259.05,316.8,,547.89,447.2,,677.69,439.68,,517.94,445.88,,969.3,646.15,,1852.52,653.46,,1112.11,-140.4,,1244.32,24.63,,1532.51,643.21,,1958.69,288.07,,1069.66,-88.93,,1434,388.81,,2011.75,841.48,,1921.69,-29.7,,1733.05,391.92,,1831.36,864.84,,
67,,31.96,4.89,,648.23,396.1,,470.74,151.55,,916.51,392.77,,320.68,483.34,,61.87,34.33,,318.09,479.23,,78.25,57.52,,235.25,298.45,,258.19,304.44,,538.52,455.96,,693.95,426.39,,532.81,439.45,,-962.14,463.97,,-78.76,457.42,,-817.31,49.38,,-688.5,-151.85,,-401.64,464.22,,35.91,469.43,,-1066.51,79.99,,-702.89,214.56,,-114.84,687.36,,-211.78,140.23,,-395.04,229.84,,-293.61,1039.45,,
68,,32.5,4.97,,647.27,405.1,,469.56,143.57,,902.47,403.44,,638.76,962.57,,63.51,34.99,,638.75,962.56,,72.52,63.72,,240.8,303.08,,515.98,613.27,,529.28,464.58,,710.34,412.97,,547.83,432.83,,969.34,281.59,,1852.57,261.18,,1112.17,238.95,,1244.38,24.61,,1532.57,285.02,,-1886.83,650.55,,1069.75,248.67,,1434.09,40.07,,2011.85,533.02,,1921.8,309.93,,1733.16,67.52,,1831.47,864.83,,
69,,33.04,5.05,,646.3,414.1,,468.38,135.59,,888.43,414.11,,1277.51,1925.14,,65.15,35.65,,1277.51,1925.14,,66.86,69.9,,246.43,307.69,,1031.17,1226.64,,520.09,473.02,,726.79,399.35,,562.93,425.96,,2900.92,98.97,,-78.74,64.69,,-817.3,428.29,,-688.5,200.82,,-401.64,105.57,,35.9,831.44,,-1066.52,417.12,,-702.91,-134.66,,-114.87,378.42,,-211.82,479.38,,-395.09,-95.04,,-293.66,689.97,,
70,,33.57,5.14,,645.34,423.1,,467.18,127.62,,874.39,424.79,,0.01,0.01,,66.79,36.33,,-0,-0.01,,61.27,76.07,,252.13,312.3,,0.59,2.76,,510.85,481.28,,743.2,385.54,,577.99,418.87,,969.4,-83.87,,1852.64,-132.03,,1112.24,617.39,,1244.45,376.8,,1532.66,-74.11,,1958.31,1012.03,,1069.91,585.28,,1434.25,40.09,,2012.03,223.54,,1921.99,648.55,,1733.35,67.54,,1831.67,514.82,,
71,,34.11,5.22,,644.37,432.1,,465.97,119.66,,860.33,435.48,,-0.47,-2.78,,68.41,36.99,,0.47,2.8,,55.68,82.17,,257.84,316.85,,0.62,2.65,,501.42,489.36,,759.44,371.57,,592.89,411.58,,-962.28,98.97,,-78.7,64.68,,-817.26,806.28,,-688.47,552.58,,-401.61,105.56,,35.85,831.41,,-1066.58,753.25,,-702.96,214.65,,-114.94,68.48,,-211.9,817.53,,-395.17,229.93,,-293.75,339.48,,
72,,64.17,10.97,,643.41,441.09,,464.75,111.71,,846.26,446.18,,0.68,0.54,,70,37.65,,1.04,5.42,,50.08,88.24,,263.54,321.38,,1.09,5.37,,491.88,497.41,,775.58,357.56,,607.72,404.21,,969.39,281.74,,1852.65,261.32,,1112.25,995.1,,1244.47,728.28,,1532.68,285.16,,-1886.79,650.88,,1069.95,921.32,,1434.3,389.31,,2012.09,-86.49,,1922.05,986.61,,1733.43,392.42,,1831.75,164.24,,
73,,94.23,16.71,,642.45,450.09,,463.51,103.77,,832.18,456.88,,0.92,1.17,,71.57,38.32,,1.27,6.02,,44.47,94.28,,269.25,325.88,,1.36,5.93,,482.29,505.43,,791.68,343.52,,622.53,396.8,,2901.05,464.45,,-78.74,457.9,,-817.31,1183.87,,-688.51,903.93,,-401.67,464.71,,35.79,470.25,,-1066.65,1089.3,,-703.04,563.87,,-115.03,68.51,,-211.99,1155.59,,-395.27,554.81,,-293.86,-11.1,,
74,,124.29,22.46,,641.49,459.09,,462.25,95.85,,818.09,467.61,,2.28,10.57,,73.59,42.81,,2.74,16.61,,39.52,105.3,,275.61,335.38,,3.06,17.69,,473.45,519.68,,808.53,335.7,,638.11,395.58,,969.12,653.37,,1852.39,660.68,,1112,993.01,,1244.22,1085.79,,1532.43,650.46,,1958.96,295.87,,1069.75,919.22,,1434.1,744.68,,2011.91,229.75,,1921.87,984.51,,1733.25,723.45,,1831.59,162.13,,
75,,154.35,28.2,,640.53,468.08,,460.96,87.94,,803.97,478.35,,4.69,23.39,,75.42,46.03,,5.14,29.4,,34.56,114.48,,281.99,343.04,,5.72,30.28,,464.55,531.67,,825.34,325.61,,653.66,392.07,,-962.81,840.02,,-78.58,861.2,,-817.15,799.88,,-688.36,906.06,,-401.52,833.96,,35.9,119.21,,-1066.54,746.87,,-702.94,923.22,,-114.95,388.73,,-211.91,811.15,,-395.2,889.82,,-293.79,333.11,,
76,,184.41,33.95,,639.57,477.08,,459.64,80.06,,789.83,489.1,,9.66,48.4,,77.22,49.26,,10.09,54.37,,70.62,232.2,,288.47,349.29,,11.03,58.17,,455.75,542.22,,842.25,314.08,,669.29,387.1,,969.15,1025.2,,1852.43,1060.26,,1112.04,605.29,,1244.27,724.87,,1532.48,1016,,72.67,228.52,,1069.1,569.42,,1433.46,1096.66,,2011.28,542.62,,1921.25,632.71,,1732.63,1051.12,,1830.98,499,,
77,,214.47,39.7,,638.61,486.08,,458.27,72.2,,775.65,499.89,,14.58,73.43,,78.97,52.51,,19.92,108.71,,143.18,460.67,,294.79,356.01,,20.83,112.44,,446.77,553.21,,858.99,302.99,,684.79,382.56,,2901,839.54,,-78.51,860.72,,-817.09,411.13,,-688.3,544.11,,-401.46,833.48,,143.21,460.61,,-1065.78,393.58,,-702.18,921.53,,-114.2,698.12,,-211.17,455.89,,-394.46,888.14,,-293.07,666.5,,
78,,244.53,45.44,,637.65,495.07,,456.85,64.38,,761.42,510.7,,19.46,98.5,,80.68,55.81,,40.89,221.04,,286.29,921.31,,301.07,362.8,,41.94,223.57,,437.86,563.03,,875.81,290.73,,700.38,376.83,,969.11,652.69,,1852.39,660.01,,1112.01,215.79,,1244.24,362.16,,1532.46,649.77,,286.78,920.41,,1068.95,216.93,,1433.31,745.58,,2011.13,852.81,,1921.12,278.26,,1732.51,724.36,,1830.86,833.21,,
79,,274.58,51.19,,636.69,504.07,,455.36,56.59,,747.14,521.55,,24.28,123.6,,82.32,59.12,,82.94,444.46,,572.89,1841.84,,307.22,369.71,,83.92,447.1,,428.75,573.41,,892.43,279.02,,715.79,371.64,,-962.91,466.43,,-78.46,459.88,,-817.04,21.04,,-688.26,180.8,,-401.42,466.66,,572.94,1842,,-1065.62,40.83,,-702.02,570.17,,-114.05,1008.04,,-211.03,101.16,,-394.32,561.12,,-292.94,1000.46,,
80,,304.64,56.94,,635.73,513.06,,453.76,48.86,,732.78,532.45,,29.02,148.74,,83.87,62.47,,167.13,891.64,,1145.71,-0.18,,313.32,376.68,,168.11,894.33,,419.6,583.85,,909.02,267.37,,731.18,366.5,,969.1,280.22,,1852.39,259.81,,1112.01,-173.66,,1244.25,-0.51,,1532.47,283.59,,1145.69,0.13,,1068.96,-135.24,,1433.32,394.79,,2011.16,852.86,,1921.15,-75.9,,1732.54,397.9,,1830.9,833.26,,
81,,334.7,62.68,,634.78,522.05,,452.04,41.18,,718.31,543.4,,33.65,173.93,,85.31,65.86,,334.94,1786.63,,0.08,0.01,,319.29,383.71,,335.92,1789.35,,410.3,594.35,,925.46,255.78,,746.43,361.42,,2900.99,94.04,,-78.45,59.77,,-817.03,21.06,,-688.25,180.82,,-401.43,100.55,,0.03,-0,,-1065.63,40.85,,-702.03,219.42,,-114.07,697.68,,-211.06,101.18,,-394.36,234.7,,-292.98,666.07,,
82,,364.76,68.43,,633.82,531.05,,450.13,33.58,,703.74,554.46,,38.17,199.23,,86.64,69.36,,669.96,-2.5,,-0.55,1.34,,324.69,392.05,,670.47,-0.19,,400.43,606.17,,941.33,245.49,,761.13,357.63,,969.25,-90.83,,1852.56,-138.96,,1112.18,217.07,,1244.42,363.44,,1532.65,-81.2,,-1.08,2.51,,1069.32,219.43,,1433.69,46.54,,2011.53,545,,1921.53,280.76,,1732.93,73.99,,1831.29,501.37,,
83,,394.82,74.18,,1269.55,1058.52,,447.96,26.06,,688.96,565.74,,42.47,224.72,,87.74,73.04,,1341.16,-2.4,,0.63,4.06,,330.04,400.19,,1341.69,-0.09,,390.52,617.75,,957.17,234.98,,775.81,353.6,,-962.49,94.42,,-78.59,60.15,,-817.18,412.84,,-688.4,545.82,,-401.58,100.92,,-0.45,4.01,,-1065.95,397.35,,-702.36,-127.01,,-114.4,391.65,,-211.4,459.67,,-394.71,-87.4,,-293.33,336.01,,
84,,424.88,79.92,,-0.11,-0.58,,445.46,18.59,,673.79,577.1,,46.38,250.26,,88.45,76.77,,-1.11,-2.23,,-0.32,8.17,,335,408.37,,-0.58,0.09,,380.22,629.37,,972.62,224.5,,790.1,349.6,,969.34,279.69,,1852.64,259.28,,1112.27,608.63,,1244.52,728.2,,1532.75,283.04,,-0.36,8.11,,1069.42,575.25,,1433.8,46.58,,2011.65,238.29,,1921.66,638.57,,1733.07,74.03,,1831.44,170.62,,
85,,454.94,85.67,,-0.04,-0.02,,442.57,11.15,,658.22,588.46,,49.94,275.7,,88.8,80.38,,-0.86,-1.75,,0.23,16.19,,339.6,416.43,,-0.33,0.56,,369.53,640.86,,987.69,213.88,,804.03,345.46,,2900.81,464.82,,-78.58,458.26,,-817.18,804.27,,-688.41,910.45,,-401.59,465.03,,0.26,21.02,,-1065.84,757.87,,-702.26,224.89,,-114.32,89.65,,-211.32,822.18,,-394.63,240.18,,-293.26,9.95,,
86,,485,91.41,,0.23,4.17,,439.28,3.68,,642.25,599.77,,53.35,301.18,,89,84.04,,-1.68,2.19,,-0.67,38.14,,343.23,425.47,,-1.72,-2,,357.36,654,,1001.28,204.92,,816.51,342.96,,969.71,651.6,,1853.04,658.9,,1112.67,1001.56,,1244.92,1094.35,,1533.16,648.66,,-1.3,39.16,,1069.73,940.89,,1434.11,403.59,,2011.98,-58.61,,1921.99,1006.2,,1733.4,406.72,,1831.78,-150.32,,
87,,515.06,97.16,,-1.45,6.35,,435.65,-3.88,,625.95,610.96,,56.36,326.56,,88.79,87.59,,0.22,0.07,,0.81,77.18,,346.73,434.09,,-0.43,1.06,,345.23,666.49,,987.31,195.29,,829.04,339.8,,-961.34,837.71,,-78.98,858.87,,-817.58,804.84,,-688.81,911.03,,-402,831.64,,-0.45,77.23,,-1066.27,1123.18,,-702.69,581.57,,-114.76,90.32,,-211.77,822.86,,-395.09,572.53,,-293.73,10.63,,
88,,545.12,102.91,,0.23,8.53,,872.93,-0.07,,609.4,622.02,,59.12,351.8,,88.32,91,,0.19,-1.07,,-0.1,154.22,,349.97,442.55,,-0.46,-0.1,,332.85,678.82,,973.07,185.52,,841.3,336.47,,969.69,1023.66,,1853.02,1058.69,,1112.66,607.97,,1244.91,727.55,,1533.16,1014.47,,-0.19,154.21,,1069.75,940.93,,1434.13,759.37,,2012.01,239.07,,1922.03,639.35,,1733.45,738.18,,1831.83,171.41,,
89,,575.18,108.65,,1.92,10.71,,1746.51,0.36,,592.98,633.1,,61.99,377.04,,87.96,94.41,,0.91,-0.67,,0.12,308.32,,353.33,450.99,,0.26,0.27,,320.58,691.12,,958.96,175.71,,853.74,333.13,,2900.91,837.67,,-79.15,858.83,,-817.75,411.09,,-688.98,544.06,,-402.18,831.6,,-0.1,308.36,,-1066.46,758.69,,-702.88,937.17,,-114.96,387.83,,-211.98,455.85,,-395.31,903.83,,-293.95,332.19,,
90,,605.24,114.4,,3.6,12.89,,-0.68,-0.92,,576.53,644.16,,64.83,402.25,,87.58,97.77,,0.89,-0.08,,-0.37,616.81,,356.33,459.6,,-0.06,1.05,,307.68,703.8,,944.23,166.26,,865.56,330.14,,969.91,652.02,,1853.25,659.33,,1112.89,214.57,,1245.15,360.94,,1533.4,649.1,,-0.67,617.02,,1069.99,576.82,,1434.37,1115.36,,2012.26,536.97,,1922.29,272.73,,1733.71,1069.87,,1832.11,493.37,,
91,,635.3,120.15,,5.28,15.07,,-0.04,-0.31,,560.06,655.21,,67.64,427.41,,87.17,101.09,,1.48,0.55,,0.34,1233.75,,359.39,468.11,,0.52,0.37,,294.95,716.31,,929.67,156.65,,877.56,326.98,,-960.89,466.22,,-79.35,459.66,,-817.97,17.88,,-689.2,177.65,,-402.4,466.42,,-0.3,1233.78,,-1066.69,394.8,,-703.12,937.31,,-115.21,685.96,,-212.24,89.46,,-395.57,903.96,,-294.22,654.38,,
92,,665.36,125.89,,6.97,17.24,,0.88,0.15,,543.58,666.26,,70.4,452.51,,86.71,104.33,,2.34,0.91,,-0.03,0.01,,362.42,476.55,,1.38,0.73,,282.19,728.77,,915.08,146.98,,889.56,323.76,,969.92,280.34,,1853.26,259.93,,1112.92,-178.88,,1245.17,-5.71,,1533.43,283.68,,-0.04,0.07,,1070.01,212.71,,1434.41,759.18,,2012.3,834.88,,1922.34,-93.89,,1733.77,737.99,,1832.17,815.34,,
93,,695.42,131.64,,8.65,19.42,,0.83,0.21,,527.09,677.3,,73.08,477.53,,86.16,107.49,,8.46,0.85,,0.05,-0.08,,365.37,484.89,,7.49,0.66,,269.35,741.13,,900.42,137.2,,901.49,320.43,,2900.67,94.35,,-79.35,60.08,,-817.97,17.9,,-689.21,177.67,,-402.41,100.82,,1.24,0.66,,-1066.69,30.5,,-703.12,580.94,,-115.23,983.69,,-212.26,89.48,,-395.6,571.91,,-294.26,976.19,,
94,,725.48,137.39,,10.33,21.6,,-0.99,-0.91,,510.59,688.34,,75.59,502.5,,85.46,110.59,,15.56,1.51,,-2.29,1.03,,367.84,493.32,,15.25,1.63,,255.86,753.67,,885.11,127.61,,912.78,317.27,,970.12,-91.46,,1853.48,-139.6,,1113.13,214.85,,1245.39,361.22,,1533.65,-81.87,,-1.49,-0.34,,1070.29,-151.54,,1434.68,402.87,,2012.59,1132.68,,1922.64,273.01,,1734.07,405.99,,1832.48,1137.22,,
95,,755.54,143.13,,12.02,23.77,,-0.06,-0.57,,494.09,699.38,,78,527.51,,84.66,113.73,,30.64,3.11,,-1.29,1.34,,370.32,501.72,,30.63,3.1,,242.43,766.16,,869.87,117.95,,924.15,314.05,,-960.35,94.4,,-79.54,60.13,,-818.16,411.73,,-689.4,544.7,,-402.61,100.87,,-0.51,-0.07,,-1066.96,30.57,,-703.39,224.68,,-115.5,983.76,,-212.54,456.42,,-395.88,239.96,,-294.55,976.26,,
96,,785.6,148.88,,13.7,25.95,,0.45,-0.26,,477.58,710.42,,80.35,552.55,,83.82,116.89,,61.17,6.22,,-0.88,1.04,,372.75,510.14,,61.16,6.2,,228.96,778.66,,854.6,108.31,,935.49,310.84,,970.1,280.27,,1853.47,259.83,,1113.13,608.57,,1245.39,728.15,,1533.66,283.59,,-0.14,0.27,,1070.3,212.62,,1434.7,46.43,,2012.61,834.8,,1922.67,639.77,,1734.11,73.86,,1832.52,815.25,,
97,,815.66,154.62,,15.38,28.12,,0.25,-0.12,,461.07,721.45,,82.68,577.61,,82.98,120.05,,122.27,12.42,,-0.67,0.88,,375.17,518.55,,122.3,12.41,,215.52,791.17,,839.37,98.67,,946.88,307.63,,2900.61,466.14,,-79.59,459.54,,-818.21,805.43,,-689.47,911.61,,-402.68,466.31,,-1.95,-5.63,,-1069.01,388.93,,-705.45,-137.56,,-117.56,680.09,,-214.62,817.39,,-397.97,-97.97,,-296.64,648.5,,
98,,845.72,160.37,,17.06,30.29,,-0.42,0.75,,444.56,732.49,,84.98,602.69,,82.13,123.25,,244.58,24.85,,-0.48,0.78,,377.56,527,,244.55,24.85,,202.06,803.73,,824.14,89.06,,958.28,304.45,,970.11,652.05,,1853.49,659.29,,1113.16,1002.34,,1245.43,1095.12,,1533.7,649.09,,-0.19,-0.38,,1072.37,566.82,,1436.77,44.62,,2014.69,526.96,,1924.75,996.59,,1736.2,72.05,,1834.62,483.33,,
99,,875.78,166.12,,18.75,32.47,,-0.17,1.44,,428.05,743.53,,87.26,627.76,,81.29,126.44,,489.11,49.69,,-0.24,1.44,,379.96,535.43,,489.1,49.65,,188.61,816.25,,808.92,79.42,,969.69,301.23,,-960.35,837.92,,-79.61,859.01,,-818.24,805.45,,-689.5,911.63,,-402.71,831.84,,0.02,0.01,,-1069.06,744.53,,-705.5,226.64,,-117.63,373.66,,-214.69,1175.61,,-398.04,241.9,,-296.72,317.98,,